id,name,state_id,field_1,field_2,field_3,field_4,field_5,field_6,field_7,field_8,field_9
1,Port Blair,35,0,0,0,0,0,0,0,,
2,Adilabad,28,0,0,0,0,0,0,0,,
3,Adoni,28,0,0,0,0,0,0,0,,
4,Alwal,28,0,0,0,0,0,0,0,,
5,Anakapalle,28,0,0,0,0,0,0,0,,
6,Anantapur,28,0,0,0,0,0,0,0,,
7,Bapatla,28,0,0,0,0,0,0,0,,
8,Belampalli,28,0,0,0,0,0,0,0,,
9,Bhimavaram,28,0,0,0,0,0,0,0,,
10,Bhongir,28,0,0,0,0,0,0,0,,
11,Bobbili,28,0,0,0,0,0,0,0,,
12,Bodhan,28,0,0,0,0,0,0,0,,
13,Chilakalurupet,28,0,0,0,0,0,0,0,,
14,Chinna Chawk,28,0,0,0,0,0,0,0,,
15,Chirala,28,0,0,0,0,0,0,0,,
16,Chittur,28,0,0,0,0,0,0,0,,
17,Cuddapah,28,0,0,0,0,0,0,0,,
18,Dharmavaram,28,0,0,0,0,0,0,0,,
19,Dhone,28,0,0,0,0,0,0,0,,
20,Eluru,28,0,0,0,0,0,0,0,,
21,Gaddiannaram,28,0,0,0,0,0,0,0,,
22,Gadwal,28,0,0,0,0,0,0,0,,
23,Gajuwaka,28,0,0,0,0,0,0,0,,
24,Gudivada,28,0,0,0,0,0,0,0,,
25,Gudur,28,0,0,0,0,0,0,0,,
26,Guntakal,28,0,0,0,0,0,0,0,,
27,Guntur,28,0,0,0,0,0,0,0,,
28,Hindupur,28,0,0,0,0,0,0,0,,
29,Hyderabad,36,12744,30,5.8,0,2,185.5,1,,
30,Jagtial,28,0,0,0,0,0,0,0,,
31,Kadiri,28,0,0,0,0,0,0,0,,
32,Kagaznagar,28,0,0,0,0,0,0,0,,
33,Kakinada,28,0,0,0,0,0,0,0,,
34,Kallur,28,0,0,0,0,0,0,0,,
35,Kamareddi,28,0,0,0,0,0,0,0,,
36,Kapra,28,0,0,0,0,0,0,0,,
37,Karimnagar,28,0,0,0,0,0,0,0,,
38,Karnul,28,0,0,0,0,0,0,0,,
39,Kavali,28,0,0,0,0,0,0,0,,
40,Khammam,28,0,0,0,0,0,0,0,,
41,Kodar,28,0,0,0,0,0,0,0,,
42,Kondukur,28,0,0,0,0,0,0,0,,
43,Koratla,28,0,0,0,0,0,0,0,,
44,Kottagudem,28,0,0,0,0,0,0,0,,
45,Kukatpalle,28,0,0,0,0,0,0,0,,
46,Lalbahadur Nagar,28,0,0,0,0,0,0,0,,
47,Machilipatnam,28,0,0,0,0,0,0,0,,
48,Mahbubnagar,28,0,0,0,0,0,0,0,,
49,Malkajgiri,28,0,0,0,0,0,0,0,,
50,Mancheral,28,0,0,0,0,0,0,0,,
51,Mandamarri,28,0,0,0,0,0,0,0,,
52,Mangalagiri,28,0,0,0,0,0,0,0,,
53,Markapur,28,0,0,0,0,0,0,0,,
54,Miryalaguda,28,0,0,0,0,0,0,0,,
55,Nalgonda,28,0,0,0,0,0,0,0,,
56,Nandyal,28,0,0,0,0,0,0,0,,
57,Narasapur,28,0,0,0,0,0,0,0,,
58,Narasaraopet,28,0,0,0,0,0,0,0,,
59,Nellur,28,0,0,0,0,0,0,0,,
60,Nirmal,28,0,0,0,0,0,0,0,,
61,Nizamabad,28,0,0,0,0,0,0,0,,
62,Nuzvid,28,0,0,0,0,0,0,0,,
63,Ongole,28,0,0,0,0,0,0,0,,
64,Palakollu,28,0,0,0,0,0,0,0,,
65,Palasa,28,0,0,0,0,0,0,0,,
66,Palwancha,28,0,0,0,0,0,0,0,,
67,Patancheru,28,0,0,0,0,0,0,0,,
68,Piduguralla,28,0,0,0,0,0,0,0,,
69,Ponnur,28,0,0,0,0,0,0,0,,
70,Proddatur,28,0,0,0,0,0,0,0,,
71,Autubullapur,28,0,0,0,0,0,0,0,,
72,Rajamahendri,28,0,0,0,0,0,0,0,,
73,Rajampet,28,0,0,0,0,0,0,0,,
74,Rajendranagar,28,0,0,0,0,0,0,0,,
75,Ramachandrapuram,28,0,0,0,0,0,0,0,,
76,Ramagundam,28,0,0,0,0,0,0,0,,
77,Rayachoti,28,0,0,0,0,0,0,0,,
78,Rayadrug,28,0,0,0,0,0,0,0,,
79,Samalkot,28,0,0,0,0,0,0,0,,
80,Sangareddi,28,0,0,0,0,0,0,0,,
81,Sattenapalle,28,0,0,0,0,0,0,0,,
82,Serilungampalle,28,0,0,0,0,0,0,0,,
83,Siddipet,28,0,0,0,0,0,0,0,,
84,Sikandarabad,28,0,0,0,0,0,0,0,,
85,Sirsilla,28,0,0,0,0,0,0,0,,
86,Srikakulam,28,0,0,0,0,0,0,0,,
87,Srikalahasti,28,0,0,0,0,0,0,0,,
88,Suriapet,28,0,0,0,0,0,0,0,,
89,Tadepalle,28,0,0,0,0,0,0,0,,
90,Tadepallegudem,28,0,0,0,0,0,0,0,,
91,Tadpatri,28,0,0,0,0,0,0,0,,
92,Tandur,28,0,0,0,0,0,0,0,,
93,Tanuku,28,0,0,0,0,0,0,0,,
94,Tenali,28,0,0,0,0,0,0,0,,
95,Tirupati,28,0,0,0,0,0,0,0,,
96,Tuni,28,0,0,0,0,0,0,0,,
97,Uppal Kalan,28,0,0,0,0,0,0,0,,
98,Vijayawada,28,0,0,0,0,0,0,0,,
99,Vinukonda,28,0,0,0,0,0,0,0,,
100,Visakhapatnam,28,0,0,0,0,0,0,0,,
101,Vizianagaram,28,0,0,0,0,0,0,0,,
102,Vuyyuru,28,0,0,0,0,0,0,0,,
103,Wanparti,28,0,0,0,0,0,0,0,,
104,Warangal,28,0,0,0,0,0,0,0,,
105,Yemmiganur,28,0,0,0,0,0,0,0,,
106,Itanagar,12,0,0,0,0,0,0,0,,
107,Barpeta,18,0,0,0,0,0,0,0,,
108,Bongaigaon,18,0,0,0,0,0,0,0,,
109,Dhuburi,18,0,0,0,0,0,0,0,,
110,Dibrugarh,18,0,0,0,0,0,0,0,,
111,Diphu,18,0,0,0,0,0,0,0,,
112,Guwahati,18,0,0,0,0,0,0,0,,
113,Jorhat,18,0,0,0,0,0,0,0,,
114,Karimganj,18,0,0,0,0,0,0,0,,
115,Lakhimpur,18,0,0,0,0,0,0,0,,
116,Lanka,18,0,0,0,0,0,0,0,,
117,Nagaon,18,0,0,0,0,0,0,0,,
118,Sibsagar,18,0,0,0,0,0,0,0,,
119,Silchar,18,0,0,0,0,0,0,0,,
120,Tezpur,18,0,0,0,0,0,0,0,,
121,Tinsukia,18,0,0,0,0,0,0,0,,
122,Alipur Duar,19,0,0,0,0,0,0,0,,
123,Arambagh,19,0,0,0,0,0,0,0,,
124,Asansol,19,0,0,0,0,0,0,0,,
125,Ashoknagar Kalyangarh,19,0,0,0,0,0,0,0,,
126,Baharampur,19,0,0,0,0,0,0,0,,
127,Baidyabati,19,0,0,0,0,0,0,0,,
128,Baj Baj,19,0,0,0,0,0,0,0,,
129,Bally,19,0,0,0,0,0,0,0,,
130,Bally Cantonment,19,0,0,0,0,0,0,0,,
131,Balurghat,19,0,0,0,0,0,0,0,,
132,Bangaon,19,0,0,0,0,0,0,0,,
133,Bankra,19,0,0,0,0,0,0,0,,
134,Bankura,19,0,0,0,0,0,0,0,,
135,Bansbaria,19,0,0,0,0,0,0,0,,
136,Baranagar,19,0,0,0,0,0,0,0,,
137,Barddhaman,19,0,0,0,0,0,0,0,,
138,Basirhat,19,0,0,0,0,0,0,0,,
139,Bhadreswar,19,0,0,0,0,0,0,0,,
140,Bhatpara,19,0,0,0,0,0,0,0,,
141,Bidhannagar,19,0,0,0,0,0,0,0,,
142,Binnaguri,19,0,0,0,0,0,0,0,,
143,Bishnupur,19,0,0,0,0,0,0,0,,
144,Bolpur,19,0,0,0,0,0,0,0,,
145,Kolkata,19,0,0,0,0,0,0,0,,
146,Chakdaha,19,0,0,0,0,0,0,0,,
147,Champdani,19,0,0,0,0,0,0,0,,
148,Chandannagar,19,0,0,0,0,0,0,0,,
149,Contai,19,0,0,0,0,0,0,0,,
150,Dabgram,19,0,0,0,0,0,0,0,,
151,Darjiling,19,0,0,0,0,0,0,0,,
152,Dhulian,19,0,0,0,0,0,0,0,,
153,Dinhata,19,0,0,0,0,0,0,0,,
154,Dum Dum,19,0,0,0,0,0,0,0,,
155,Durgapur,19,0,0,0,0,0,0,0,,
156,Gangarampur,19,0,0,0,0,0,0,0,,
157,Garulia,19,0,0,0,0,0,0,0,,
158,Gayespur,19,0,0,0,0,0,0,0,,
159,Ghatal,19,0,0,0,0,0,0,0,,
160,Gopalpur,19,0,0,0,0,0,0,0,,
161,Habra,19,0,0,0,0,0,0,0,,
162,Halisahar,19,0,0,0,0,0,0,0,,
163,Haora,19,0,0,0,0,0,0,0,,
164,HugliChunchura,19,0,0,0,0,0,0,0,,
165,Ingraj Bazar,19,0,0,0,0,0,0,0,,
166,Islampur,19,0,0,0,0,0,0,0,,
167,Jalpaiguri,19,0,0,0,0,0,0,0,,
168,Jamuria,19,0,0,0,0,0,0,0,,
169,Jangipur,19,0,0,0,0,0,0,0,,
170,Jhargram,19,0,0,0,0,0,0,0,,
171,Kaliyaganj,19,0,0,0,0,0,0,0,,
172,Kalna,19,0,0,0,0,0,0,0,,
173,Kalyani,19,0,0,0,0,0,0,0,,
174,Kamarhati,19,0,0,0,0,0,0,0,,
175,Kanchrapara,19,0,0,0,0,0,0,0,,
176,Kandi,19,0,0,0,0,0,0,0,,
177,Karsiyang,19,0,0,0,0,0,0,0,,
178,Katwa,19,0,0,0,0,0,0,0,,
179,Kharagpur,19,0,0,0,0,0,0,0,,
180,Kharagpur Railway Settlement,19,0,0,0,0,0,0,0,,
181,Khardaha,19,0,0,0,0,0,0,0,,
182,Kharia,19,0,0,0,0,0,0,0,,
183,Koch Bihar,19,0,0,0,0,0,0,0,,
184,Konnagar,19,0,0,0,0,0,0,0,,
185,Krishnanagar,19,0,0,0,0,0,0,0,,
186,Kulti,19,0,0,0,0,0,0,0,,
187,Madhyamgram,19,0,0,0,0,0,0,0,,
188,Maheshtala,19,0,0,0,0,0,0,0,,
189,Memari,19,0,0,0,0,0,0,0,,
190,Midnapur,19,0,0,0,0,0,0,0,,
191,Naihati,19,0,0,0,0,0,0,0,,
192,Navadwip,19,0,0,0,0,0,0,0,,
193,Ni Barakpur,19,0,0,0,0,0,0,0,,
194,North Barakpur,19,0,0,0,0,0,0,0,,
195,North Dum Dum,19,0,0,0,0,0,0,0,,
196,Old Maldah,19,0,0,0,0,0,0,0,,
197,Panihati,19,0,0,0,0,0,0,0,,
198,Phulia,19,0,0,0,0,0,0,0,,
199,Pujali,19,0,0,0,0,0,0,0,,
200,Puruliya,19,0,0,0,0,0,0,0,,
201,Raiganj,19,0,0,0,0,0,0,0,,
202,Rajpur,19,0,0,0,0,0,0,0,,
203,Rampur Hat,19,0,0,0,0,0,0,0,,
204,Ranaghat,19,0,0,0,0,0,0,0,,
205,Raniganj,19,0,0,0,0,0,0,0,,
206,Rishra,19,0,0,0,0,0,0,0,,
207,Shantipur,19,0,0,0,0,0,0,0,,
208,Shiliguri,19,0,0,0,0,0,0,0,,
209,Shrirampur,19,0,0,0,0,0,0,0,,
210,Siuri,19,0,0,0,0,0,0,0,,
211,South Dum Dum,19,0,0,0,0,0,0,0,,
212,Titagarh,19,0,0,0,0,0,0,0,,
213,Ulubaria,19,0,0,0,0,0,0,0,,
214,UttarparaKotrung,19,0,0,0,0,0,0,0,,
215,Araria,10,0,0,0,0,0,0,0,,
216,Arrah,10,0,0,0,0,0,0,0,,
217,Aurangabad (BH),10,0,0,0,0,0,0,0,,
218,Bagaha,10,0,0,0,0,0,0,0,,
219,Begusarai,10,0,0,0,0,0,0,0,,
220,Bettiah,10,0,0,0,0,0,0,0,,
221,Bhabua,10,0,0,0,0,0,0,0,,
222,Bhagalpur,10,0,0,0,0,0,0,0,,
223,Bihar Sharif,10,0,0,0,0,0,0,0,,
224,Buxar,10,0,0,0,0,0,0,0,,
225,Chhapra,10,0,0,0,0,0,0,0,,
226,Darbhanga,10,0,0,0,0,0,0,0,,
227,Dehri,10,0,0,0,0,0,0,0,,
228,DighaMainpura,10,0,0,0,0,0,0,0,,
229,Dinapur,10,0,0,0,0,0,0,0,,
230,Dumraon,10,0,0,0,0,0,0,0,,
231,Gaya,10,0,0,0,0,0,0,0,,
232,Gopalganj,10,0,0,0,0,0,0,0,,
233,Goura,10,0,0,0,0,0,0,0,,
234,Hajipur,10,0,0,0,0,0,0,0,,
235,Jahanabad,10,0,0,0,0,0,0,0,,
236,Jamalpur,10,0,0,0,0,0,0,0,,
237,Jamui,10,0,0,0,0,0,0,0,,
238,Katihar,10,0,0,0,0,0,0,0,,
239,Khagaria,10,0,0,0,0,0,0,0,,
240,Khagaul,10,0,0,0,0,0,0,0,,
241,Kishanganj,10,0,0,0,0,0,0,0,,
242,Lakhisarai,10,0,0,0,0,0,0,0,,
243,Madhipura,10,0,0,0,0,0,0,0,,
244,Madhubani,10,0,0,0,0,0,0,0,,
245,Masaurhi,10,0,0,0,0,0,0,0,,
246,Mokama,10,0,0,0,0,0,0,0,,
247,Motihari,10,0,0,0,0,0,0,0,,
248,Munger,10,0,0,0,0,0,0,0,,
249,Muzaffarpur,10,0,0,0,0,0,0,0,,
250,Nawada,10,0,0,0,0,0,0,0,,
251,Patna,10,29009,112.5,0,7269,2,81,1,,
252,Phulwari,10,0,0,0,0,0,0,0,,
253,Purnia,10,0,0,0,0,0,0,0,,
254,Raxaul,10,0,0,0,0,0,0,0,,
255,Saharsa,10,24410,52.5,0.15,0,1,94,1,,
256,Samastipur,10,0,0,0,0,0,0,0,,
257,Sasaram,10,0,0,0,0,0,0,0,,
258,Sitamarhi,10,0,0,0,0,0,0,0,,
259,Siwan,10,0,0,0,0,0,0,0,,
260,Supaul,10,0,0,0,0,0,0,0,,
261,Chandigarh,4,0,0,0,0,0,0,0,,
262,Ambikapur,22,0,0,0,0,0,0,0,,
263,Bhilai,22,0,0,0,0,0,0,0,,
264,Bilaspur,22,0,0,0,0,0,0,0,,
265,Charoda,22,0,0,0,0,0,0,0,,
266,Chirmiri,22,0,0,0,0,0,0,0,,
267,Dhamtari,22,0,0,0,0,0,0,0,,
268,Durg,22,0,0,0,0,0,0,0,,
269,Jagdalpur,22,0,0,0,0,0,0,0,,
270,Korba,22,0,0,0,0,0,0,0,,
271,Raigarh,22,0,0,0,0,0,0,0,,
272,Raipur,22,0,0,0,0,0,0,0,,
273,Rajnandgaon,22,0,0,0,0,0,0,0,,
274,Bhalswa Jahangirpur,7,0,0,0,0,0,0,0,,
275,Burari,7,0,0,0,0,0,0,0,,
276,Chilla Saroda Bangar,7,0,0,0,0,0,0,0,,
277,Dallo Pura,7,0,0,0,0,0,0,0,,
278,Delhi,7,0,0,0,0,0,0,0,,
279,Deoli,7,0,0,0,0,0,0,0,,
280,Dilli Cantonment,7,0,0,0,0,0,0,0,,
281,Gharoli,7,0,0,0,0,0,0,0,,
282,Gokalpur,7,0,0,0,0,0,0,0,,
283,Hastsal,7,0,0,0,0,0,0,0,,
284,Jaffrabad,7,0,0,0,0,0,0,0,,
285,Karawal Nagar,7,0,0,0,0,0,0,0,,
286,Khajuri Khas,7,0,0,0,0,0,0,0,,
287,Kirari Suleman Nagar,7,0,0,0,0,0,0,0,,
288,Mandoli,7,0,0,0,0,0,0,0,,
289,Mithe Pur,7,0,0,0,0,0,0,0,,
290,Molarband,7,0,0,0,0,0,0,0,,
291,Mundka,7,0,0,0,0,0,0,0,,
292,Mustafabad,7,0,0,0,0,0,0,0,,
293,Nangloi Jat,7,0,0,0,0,0,0,0,,
294,Ni Dilli,7,0,0,0,0,0,0,0,,
295,Pul Pehlad,7,0,0,0,0,0,0,0,,
296,Puth Kalan,7,0,0,0,0,0,0,0,,
297,Roshan Pura,7,0,0,0,0,0,0,0,,
298,Sadat Pur Gujran,7,0,0,0,0,0,0,0,,
299,Sultanpur Majra,7,0,0,0,0,0,0,0,,
300,Tajpul,7,0,0,0,0,0,0,0,,
301,Tigri,7,0,0,0,0,0,0,0,,
302,Ziauddin Pur,7,0,0,0,0,0,0,0,,
303,Madgaon,30,0,0,0,0,0,0,0,,
304,Mormugao,30,0,0,0,0,0,0,0,,
305,Panaji,30,0,0,0,0,0,0,0,,
306,Ahmedabad,24,229236,389,11.575,60780,12,92.72619048,1,,
307,Amreli,24,0,0,0,0,0,0,0,,
308,Anand,24,0,0,0,0,0,0,0,,
309,Anjar,24,0,0,0,0,0,0,0,,
310,Bardoli,24,0,0,0,0,0,0,0,,
311,Bharuch,24,0,0,0,0,0,0,0,,
312,Bhavnagar,24,5235,35,0,5235,1,38,1,,
313,Bhuj,24,0,0,0,0,0,0,0,,
314,Borsad,24,0,0,0,0,0,0,0,,
315,Botad,24,0,0,0,0,0,0,0,,
316,Chandkheda,24,0,0,0,0,0,0,0,,
317,Chandlodiya,24,0,0,0,0,0,0,0,,
318,Dabhoi,24,0,0,0,0,0,0,0,,
319,Dahod,24,0,0,0,0,0,0,0,,
320,Dholka,24,0,0,0,0,0,0,0,,
321,Dhoraji,24,0,0,0,0,0,0,0,,
322,Dhrangadhra,24,0,0,0,0,0,0,0,,
323,Disa,24,0,0,0,0,0,0,0,,
324,Gandhidham,24,36993,85,0,0,1,108,1,,
325,Gandhinagar,24,5741,5,0.7,0,3,56,1,,
326,Ghatlodiya,24,0,0,0,0,0,0,0,,
327,Godhra,24,0,0,0,0,0,0,0,,
328,Gondal,24,0,0,0,0,0,0,0,,
329,Himmatnagar,24,0,0,0,0,0,0,0,,
330,Jamnagar,24,0,0,0,0,0,0,0,,
331,Jetpur,24,0,0,0,0,0,0,0,,
332,Junagadh,24,0,0,0,0,0,0,0,,
333,Kalol,24,0,0,0,0,0,0,0,,
334,Keshod,24,0,0,0,0,0,0,0,,
335,Khambhat,24,0,0,0,0,0,0,0,,
336,Kundla,24,0,0,0,0,0,0,0,,
337,Mahuva,24,0,0,0,0,0,0,0,,
338,Mangrol,24,0,0,0,0,0,0,0,,
339,Modasa,24,0,0,0,0,0,0,0,,
340,Morvi,24,0,0,0,0,0,0,0,,
341,Nadiad,24,0,0,0,0,0,0,0,,
342,Navagam Ghed,24,0,0,0,0,0,0,0,,
343,Navsari,24,0,0,0,0,0,0,0,,
344,Palitana,24,0,0,0,0,0,0,0,,
345,Patan,24,0,0,0,0,0,0,0,,
346,Porbandar,24,0,0,0,0,0,0,0,,
347,Puna,24,0,0,0,0,0,0,0,,
348,Rajkot,24,0,25,0,0,1,2,1,,
349,Ramod,24,0,0,0,0,0,0,0,,
350,Ranip,24,0,0,0,0,0,0,0,,
351,Siddhapur,24,0,0,0,0,0,0,0,,
352,Sihor,24,0,0,0,0,0,0,0,,
353,Surat,24,23730,86,0.1,0,4,72.16666667,1,,
354,Surendranagar,24,0,0,0,0,0,0,0,,
355,Thaltej,24,0,0,0,0,0,0,0,,
356,Una,24,0,0,0,0,0,0,0,,
357,Unjha,24,0,0,0,0,0,0,0,,
358,Upleta,24,0,0,0,0,0,0,0,,
359,Vadodara,24,7434,50,0,7434,1,24,1,,
360,Valsad,24,1000,1.5,0.175,1000,1,27,1,,
361,Vapi,24,0,0,0,0,0,0,0,,
362,Vastral,24,0,0,0,0,0,0,0,,
363,Vejalpur,24,0,0,0,0,0,0,0,,
364,Veraval,24,0,0,0,0,0,0,0,,
365,Vijalpor,24,0,0,0,0,0,0,0,,
366,Visnagar,24,0,0,0,0,0,0,0,,
367,Wadhwan,24,0,0,0,0,0,0,0,,
368,Ambala,6,0,0,0,0,0,0,0,,
369,Ambala Cantonment,6,0,0,0,0,0,0,0,,
370,Ambala Sadar,6,0,0,0,0,0,0,0,,
371,Bahadurgarh,6,0,0,0,0,0,0,0,,
372,Bhiwani,6,0,0,0,0,0,0,0,,
373,Charkhi Dadri,6,0,0,0,0,0,0,0,,
374,Dabwali,6,0,0,0,0,0,0,0,,
375,Faridabad,6,0,0,0,0,0,0,0,,
376,Gohana,6,0,0,0,0,0,0,0,,
377,Hisar,6,0,0,0,0,0,0,0,,
378,Jagadhri,6,0,0,0,0,0,0,0,,
379,Jind,6,0,0,0,0,0,0,0,,
380,Kaithal,6,0,0,0,0,0,0,0,,
381,Karnal,6,0,0,0,0,0,0,0,,
382,Narnaul,6,0,0,0,0,0,0,0,,
383,Narwana,6,0,0,0,0,0,0,0,,
384,Palwal,6,0,0,0,0,0,0,0,,
385,Panchkula,6,0,0,0,0,0,0,0,,
386,Panipat,6,0,0,0,0,0,0,0,,
387,Rewari,6,0,0,0,0,0,0,0,,
388,Rohtak,6,0,0,0,0,0,0,0,,
389,Sirsa,6,0,0,0,0,0,0,0,,
390,Sonipat,6,0,0,0,0,0,0,0,,
391,Thanesar,6,0,0,0,0,0,0,0,,
392,Tohana,6,0,0,0,0,0,0,0,,
393,Yamuna Nagar,6,0,0,0,0,0,0,0,,
394,Shimla,2,0,0,0,0,0,0,0,,
395,Anantnag,1,0,0,0,0,0,0,0,,
396,Baramula,1,0,0,0,0,0,0,0,,
397,Bari Brahmana,1,0,0,0,0,0,0,0,,
398,Jammu,1,0,0,0,0,0,0,0,,
399,Kathua,1,0,0,0,0,0,0,0,,
400,Sopur,1,0,0,0,0,0,0,0,,
401,Srinagar,1,27225,115,2.2,27225,2,38.5,1,,
402,Udhampur,1,0,0,0,0,0,0,0,,
403,Adityapur,20,0,0,0,0,0,0,0,,
404,Bagbahra,20,0,0,0,0,0,0,0,,
405,Bhuli,20,0,0,0,0,0,0,0,,
406,Bokaro,20,0,0,0,0,0,0,0,,
407,Chaibasa,20,0,0,0,0,0,0,0,,
408,Chas,20,0,0,0,0,0,0,0,,
409,Daltenganj,20,0,0,0,0,0,0,0,,
410,Devghar,20,0,0,0,0,0,0,0,,
411,Dhanbad,20,0,0,0,0,0,0,0,,
412,Hazaribag,20,0,0,0,0,0,0,0,,
413,Jamshedpur,20,0,0,0,0,0,0,0,,
414,Jharia,20,0,0,0,0,0,0,0,,
415,Jhumri Tilaiya,20,0,0,0,0,0,0,0,,
416,Jorapokhar,20,0,0,0,0,0,0,0,,
417,Katras,20,0,0,0,0,0,0,0,,
418,Lohardaga,20,0,0,0,0,0,0,0,,
419,Mango,20,0,0,0,0,0,0,0,,
420,Phusro,20,0,0,0,0,0,0,0,,
421,Ramgarh,20,0,0,0,0,0,0,0,,
422,Ranchi,20,0,0,0,0,0,0,0,,
423,Sahibganj,20,0,0,0,0,0,0,0,,
424,Saunda,20,0,0,0,0,0,0,0,,
425,Sindari,20,0,0,0,0,0,0,0,,
426,Bagalkot,29,0,0,0,0,0,0,0,,
427,Bengaluru,29,5357,15,0.525,5357,1,28,1,,
428,Basavakalyan,29,0,0,0,0,0,0,0,,
429,Belgaum,29,13328,36,0.2,0,3,90.75,1,,
430,Bellary,29,0,0,0,0,0,0,0,,
431,Bhadravati,29,0,0,0,0,0,0,0,,
432,Bidar,29,27267,97,0,0,2,81,1,,
433,Bijapur,29,4154,27.5,0,4154,1,18,1,,
434,Bommanahalli,29,0,0,0,0,0,0,0,,
435,Byatarayanapura,29,0,0,0,0,0,0,0,,
436,Challakere,29,0,0,0,0,0,0,0,,
437,Chamrajnagar,29,0,0,0,0,0,0,0,,
438,Channapatna,29,0,0,0,0,0,0,0,,
439,Chik Ballapur,29,0,0,0,0,0,0,0,,
440,Chikmagalur,29,0,0,0,0,0,0,0,,
441,Chintamani,29,0,0,0,0,0,0,0,,
442,Chitradurga,29,0,0,0,0,0,0,0,,
443,Dasarahalli,29,0,0,0,0,0,0,0,,
444,Davanagere,29,5333,37.5,0,0,2,49,1,,
445,Dod Ballapur,29,0,0,0,0,0,0,0,,
446,Gadag,29,5286,35,0,5286,1,39,1,,
447,Gangawati,29,0,0,0,0,0,0,0,,
448,Gokak,29,0,0,0,0,0,0,0,,
449,Gulbarga,29,117914,230.5,2.3,30419,6,100.4166667,1,,
450,Harihar,29,0,0,0,0,0,0,0,,
451,Hassan,29,0,0,0,0,0,0,0,,
452,Haveri,29,0,0,0,0,0,0,0,,
453,Hiriyur,29,0,0,0,0,0,0,0,,
454,Hosakote,29,0,0,0,0,0,0,0,,
455,Hospet,29,14967,46,0,8010,2,86,1,,
456,Hubballi,29,61589,173,0.1,0,5,108.125,1,,
457,Ilkal,29,0,0,0,0,0,0,0,,
458,Jamkhandi,29,0,0,0,0,0,0,0,,
459,Kanakapura,29,0,0,0,0,0,0,0,,
460,Karwar,29,0,0,0,0,0,0,0,,
461,Kolar,29,0,0,0,0,0,0,0,,
462,Kollegal,29,0,0,0,0,0,0,0,,
463,Koppal,29,8921,30,0,0,1,104,1,,
464,Krishnarajapura,29,0,0,0,0,0,0,0,,
465,Mahadevapura,29,0,0,0,0,0,0,0,,
466,Mysuru,29,0,0,0,0,0,0,0,,
467,Mandya,29,0,0,0,0,0,0,0,,
468,Mangaluru,29,0,0,0,0,0,0,0,,
469,Nipani,29,11340,40,0,0,1,62,1,,
470,Pattanagere,29,0,0,0,0,0,0,0,,
471,Puttur,29,0,0,0,0,0,0,0,,
472,Rabkavi,29,0,0,0,0,0,0,0,,
473,Raichur,29,0,0,0,0,0,0,0,,
474,Ramanagaram,29,0,0,0,0,0,0,0,,
475,Ranibennur,29,0,0,0,0,0,0,0,,
476,Robertsonpet,29,0,0,0,0,0,0,0,,
477,Sagar,29,0,0,0,0,0,0,0,,
478,Shahabad,29,0,0,0,0,0,0,0,,
479,Shahpur,29,0,0,0,0,0,0,0,,
480,Shimoga,29,45689,125.5,3,22368,3,53.66666667,1,,
481,Shorapur,29,0,0,0,0,0,0,0,,
482,Sidlaghatta,29,0,0,0,0,0,0,0,,
483,Sira,29,0,0,0,0,0,0,0,,
484,Sirsi,29,0,0,0,0,0,0,0,,
485,Tiptur,29,0,0,0,0,0,0,0,,
486,Tumkur,29,0,0,0,0,0,0,0,,
487,Udupi,29,5333,37.5,0,0,2,49,1,,
488,Ullal,29,0,0,0,0,0,0,0,,
489,Yadgir,29,0,0,0,0,0,0,0,,
490,Yelahanka,29,0,0,0,0,0,0,0,,
491,Alappuzha,32,0,0,0,0,0,0,0,,
492,Beypur,32,0,0,0,0,0,0,0,,
493,Cheruvannur,32,0,0,0,0,0,0,0,,
494,Edakkara,32,0,0,0,0,0,0,0,,
495,Edathala,32,0,0,0,0,0,0,0,,
496,Kalamassery,32,0,0,0,0,0,0,0,,
497,Kannan Devan Hills,32,0,0,0,0,0,0,0,,
498,Kannangad,32,0,0,0,0,0,0,0,,
499,Kannur,32,2745,4,0,2745,1,8,1,,
500,Kayankulam,32,0,0,0,0,0,0,0,,
501,Kochi,32,0,0,0,0,0,0,0,,
502,Kollam,32,0,0,0,0,0,0,0,,
503,Kottayam,32,0,0,0,0,0,0,0,,
504,Koyilandi,32,0,0,0,0,0,0,0,,
505,Kozhikode,32,29028,80,2.5,29028,2,53.5,1,,
506,Kunnamkulam,32,0,0,0,0,0,0,0,,
507,Malappuram,32,0,0,0,0,0,0,0,,
508,Manjeri,32,0,0,0,0,0,0,0,,
509,Nedumangad,32,0,0,0,0,0,0,0,,
510,Neyyattinkara,32,0,0,0,0,0,0,0,,
511,Palakkad,32,0,0,0,0,0,0,0,,
512,Pallichal,32,0,0,0,0,0,0,0,,
513,Payyannur,32,0,0,0,0,0,0,0,,
514,Ponnani,32,0,0,0,0,0,0,0,,
515,Talipparamba,32,0,0,0,0,0,0,0,,
516,Thalassery,32,0,0,0,0,0,0,0,,
517,Thiruvananthapuram,32,48105,165,0,36078,2,38.5,1,,
518,Thrippunithura,32,0,0,0,0,0,0,0,,
519,Thrissur,32,21382,85,0,16190,2,35,1,,
520,Tirur,32,0,0,0,0,0,0,0,,
521,Tiruvalla,32,0,0,0,0,0,0,0,,
522,Vadakara,32,0,0,0,0,0,0,0,,
523,Ashoknagar,23,0,0,0,0,0,0,0,,
524,Balaghat,23,0,0,0,0,0,0,0,,
525,Basoda,23,0,0,0,0,0,0,0,,
526,Betul,23,0,0,0,0,0,0,0,,
527,Bhind,23,0,0,0,0,0,0,0,,
528,Bhopal,23,0,0,0,0,0,0,0,,
529,BinaEtawa,23,0,0,0,0,0,0,0,,
530,Burhanpur,23,0,0,0,0,0,0,0,,
531,Chhatarpur,23,0,0,0,0,0,0,0,,
532,Chhindwara,23,0,0,0,0,0,0,0,,
533,Dabra,23,0,0,0,0,0,0,0,,
534,Damoh,23,0,0,0,0,0,0,0,,
535,Datia,23,0,0,0,0,0,0,0,,
536,Dewas,23,0,0,0,0,0,0,0,,
537,Dhar,23,0,0,0,0,0,0,0,,
538,Gohad,23,0,0,0,0,0,0,0,,
539,Guna,23,0,0,0,0,0,0,0,,
540,Gwalior,23,18410,40,0,0,1,94,1,,
541,Harda,23,0,0,0,0,0,0,0,,
542,Hoshangabad,23,0,0,0,0,0,0,0,,
543,Indore,23,0,0,0,0,0,0,0,,
544,Itarsi,23,0,0,0,0,0,0,0,,
545,Jabalpur,23,70589,205,0,30469,3,49.66666667,1,,
546,Jabalpur Cantonment,23,0,0,0,0,0,0,0,,
547,Jaora,23,0,0,0,0,0,0,0,,
548,Khandwa,23,0,0,0,0,0,0,0,,
549,Khargone,23,0,0,0,0,0,0,0,,
550,Mandidip,23,0,0,0,0,0,0,0,,
551,Mandsaur,23,0,0,0,0,0,0,0,,
552,Mau,23,0,0,0,0,0,0,0,,
553,Morena,23,0,0,0,0,0,0,0,,
554,Murwara,23,0,0,0,0,0,0,0,,
555,Nagda,23,0,0,0,0,0,0,0,,
556,Nimach,23,0,0,0,0,0,0,0,,
557,Pithampur,23,0,0,0,0,0,0,0,,
558,Raghogarh,23,0,0,0,0,0,0,0,,
559,Ratlam,23,0,0,0,0,0,0,0,,
560,Rewa,23,0,0,0,0,0,0,0,,
561,Sagar,23,0,0,0,0,0,0,0,,
562,Sarni,23,0,0,0,0,0,0,0,,
563,Satna,23,0,0,0,0,0,0,0,,
564,Sehore,23,0,0,0,0,0,0,0,,
565,Sendhwa,23,0,0,0,0,0,0,0,,
566,Seoni,23,0,0,0,0,0,0,0,,
567,Shahdol,23,0,0,0,0,0,0,0,,
568,Shajapur,23,0,0,0,0,0,0,0,,
569,Sheopur,23,0,0,0,0,0,0,0,,
570,Shivapuri,23,0,0,0,0,0,0,0,,
571,Sidhi,23,0,0,0,0,0,0,0,,
572,Singrauli,23,0,0,0,0,0,0,0,,
573,Tikamgarh,23,0,0,0,0,0,0,0,,
574,Ujjain,23,196446,630,0,36910,4,38.75,1,,
575,Vidisha,23,0,0,0,0,0,0,0,,
576,Achalpur,27,0,0,0,0,0,0,0,,
577,Ahmednagar,27,0,0,0,0,0,0,0,,
578,Akola,27,3141,2.5,0.2,0,2,154,1,,
579,Akot,27,0,0,0,0,0,0,0,,
580,Amalner,27,0,0,0,0,0,0,0,,
581,Ambajogai,27,0,0,0,0,0,0,0,,
582,Amravati,27,0,0,0,0,0,0,0,,
583,Anjangaon,27,0,0,0,0,0,0,0,,
584,Aurangabad,27,132837,500,0,0,3,64,1,,
585,Badlapur,27,0,0,0,0,0,0,0,,
586,Ballarpur,27,0,0,0,0,0,0,0,,
587,Baramati,27,0,0,0,0,0,0,0,,
588,Barsi,27,0,0,0,0,0,0,0,,
589,Basmat,27,0,0,0,0,0,0,0,,
590,Bhadravati,27,0,0,0,0,0,0,0,,
591,Bhandara,27,0,0,0,0,0,0,0,,
592,Bhiwandi,27,0,0,0,0,0,0,0,,
593,Bhusawal,27,0,0,0,0,0,0,0,,
594,Bid,27,0,0,0,0,0,0,0,,
595,Mumbai,27,1016367,2896.5,6.175,307786,57,76.75690476,1,,
596,Buldana,27,0,0,0,0,0,0,0,,
597,Chalisgaon,27,0,0,0,0,0,0,0,,
598,Chandrapur,27,0,0,0,0,0,0,0,,
599,Chikhli,27,0,0,0,0,0,0,0,,
600,Chiplun,27,0,0,0,0,0,0,0,,
601,Chopda,27,0,0,0,0,0,0,0,,
602,Dahanu,27,0,0,0,0,0,0,0,,
603,Deolali,27,0,0,0,0,0,0,0,,
604,Dhule,27,0,0,0,0,0,0,0,,
605,Digdoh,27,0,0,0,0,0,0,0,,
606,Diglur,27,0,0,0,0,0,0,0,,
607,Gadchiroli,27,0,0,0,0,0,0,0,,
608,Gondiya,27,0,0,0,0,0,0,0,,
609,Hinganghat,27,0,0,0,0,0,0,0,,
610,Hingoli,27,0,0,0,0,0,0,0,,
611,Ichalkaranji,27,0,0,0,0,0,0,0,,
612,Jalgaon,27,0,0,0,0,0,0,0,,
613,Jalna,27,26432,100,0,13216,4,43.5,1,,
614,Kalyan,27,0,0,0,0,0,0,0,,
615,Kamthi,27,0,0,0,0,0,0,0,,
616,Karanja,27,0,0,0,0,0,0,0,,
617,Khadki,27,0,0,0,0,0,0,0,,
618,Khamgaon,27,0,0,0,0,0,0,0,,
619,Khopoli,27,0,0,0,0,0,0,0,,
620,Kolhapur,27,11470,18,0.1,11470,1,11,1,,
621,Kopargaon,27,0,0,0,0,0,0,0,,
622,Latur,27,182931,460,0.125,42221,7,55.3,1,,
623,Lonavala,27,0,0,0,0,0,0,0,,
624,Malegaon,27,31938,90,0,25944,3,39.33333333,1,,
625,Malkapur,27,0,0,0,0,0,0,0,,
626,Manmad,27,0,0,0,0,0,0,0,,
627,Mira Bhayandar,27,0,0,0,0,0,0,0,,
628,Nagpur,27,294060,718,4.725,19392,13,17.625,1,,
629,Nalasopara,27,0,0,0,0,0,0,0,,
630,Nanded,27,75775,182,0.2,37005,3,30.66666667,1,,
631,Nandurbar,27,0,0,0,0,0,0,0,,
632,Nashik,27,29736,90,0.225,4956,6,85.1,1,,
633,Navghar,27,0,0,0,0,0,0,0,,
634,Navi Mumbai,27,0,0,0,0,0,0,0,,
635,Osmanabad,27,0,0,0,0,0,0,0,,
636,Palghar,27,11536,14,0.1,1825,6,31.5,1,,
637,Pandharpur,27,0,0,0,0,0,0,0,,
638,Parbhani,27,0,0,0,0,0,0,0,,
639,Phaltan,27,0,0,0,0,0,0,0,,
640,Pimpri,27,0,0,0,0,0,0,0,,
641,Pune,27,0,0,0,0,0,0,0,,
642,Pune Cantonment,27,0,0,0,0,0,0,0,,
643,Pusad,27,0,0,0,0,0,0,0,,
644,Ratnagiri,27,0,0,0,0,0,0,0,,
645,Sangli,27,73026,303,1,23787,7,96.33333333,1,,
646,Satara,27,0,0,0,0,0,0,0,,
647,Shahada,27,0,0,0,0,0,0,0,,
648,Shegaon,27,0,0,0,0,0,0,0,,
649,Shirpur,27,0,0,0,0,0,0,0,,
650,Solapur,27,2785,9,0,2785,1,8,1,,
651,Shrirampur,27,0,0,0,0,0,0,0,,
652,Sillod,27,0,0,0,0,0,0,0,,
653,Thane,27,232144,693.5,4.1,71406,29,67.75333333,1,,
654,Udgir,27,0,0,0,0,0,0,0,,
655,Ulhasnagar,27,0,0,0,0,0,0,0,,
656,Uran Islampur,27,0,0,0,0,0,0,0,,
657,Vasai,27,0,0,0,0,0,0,0,,
658,Virar,27,0,0,0,0,0,0,0,,
659,Wadi,27,0,0,0,0,0,0,0,,
660,Wani,27,0,0,0,0,0,0,0,,
661,Wardha,27,0,0,0,0,0,0,0,,
662,Warud,27,0,0,0,0,0,0,0,,
663,Washim,27,0,0,0,0,0,0,0,,
664,Yavatmal,27,9468,23.5,0,0,1,158,1,,
665,Imphal,14,0,0,0,0,0,0,0,,
666,Shillong,17,0,0,0,0,0,0,0,,
667,Tura,17,0,0,0,0,0,0,0,,
668,Aizawl,15,0,0,0,0,0,0,0,,
669,Lunglei,15,0,0,0,0,0,0,0,,
670,Dimapur,13,0,0,0,0,0,0,0,,
671,Kohima,13,0,0,0,0,0,0,0,,
672,Wokha,13,0,0,0,0,0,0,0,,
673,Balangir,21,0,0,0,0,0,0,0,,
674,Baleshwar,21,0,0,0,0,0,0,0,,
675,Barbil,21,0,0,0,0,0,0,0,,
676,Bargarh,21,0,0,0,0,0,0,0,,
677,Baripada,21,0,0,0,0,0,0,0,,
678,Bhadrak,21,0,0,0,0,0,0,0,,
679,Bhawanipatna,21,0,0,0,0,0,0,0,,
680,Bhubaneswar,21,0,0,0,0,0,0,0,,
681,Brahmapur,21,0,0,0,0,0,0,0,,
682,Brajrajnagar,21,0,0,0,0,0,0,0,,
683,Dhenkanal,21,0,0,0,0,0,0,0,,
684,Jaypur,21,0,0,0,0,0,0,0,,
685,Jharsuguda,21,0,0,0,0,0,0,0,,
686,Kataka,21,0,0,0,0,0,0,0,,
687,Kendujhar,21,0,0,0,0,0,0,0,,
688,Paradwip,21,0,0,0,0,0,0,0,,
689,Puri,21,0,0,0,0,0,0,0,,
690,Raurkela,21,0,0,0,0,0,0,0,,
691,Raurkela Industrial Township,21,0,0,0,0,0,0,0,,
692,Rayagada,21,0,0,0,0,0,0,0,,
693,Sambalpur,21,0,0,0,0,0,0,0,,
694,Sunabeda,21,0,0,0,0,0,0,0,,
695,Karaikal,34,0,0,0,0,0,0,0,,
696,Ozhukarai,34,0,0,0,0,0,0,0,,
697,Puducherry,34,0,0,0,0,0,0,0,,
698,Abohar,3,0,0,0,0,0,0,0,,
699,Amritsar,3,0,0,0,0,0,0,0,,
700,Barnala,3,0,0,0,0,0,0,0,,
701,Batala,3,0,0,0,0,0,0,0,,
702,Bathinda,3,0,0,0,0,0,0,0,,
703,Dhuri,3,0,0,0,0,0,0,0,,
704,Faridkot,3,0,0,0,0,0,0,0,,
705,Fazilka,3,0,0,0,0,0,0,0,,
706,Firozpur,3,0,0,0,0,0,0,0,,
707,Firozpur Cantonment,3,0,0,0,0,0,0,0,,
708,Gobindgarh,3,0,0,0,0,0,0,0,,
709,Gurdaspur,3,0,0,0,0,0,0,0,,
710,Hoshiarpur,3,2265,3,0,0,1,112,1,,
711,Jagraon,3,0,0,0,0,0,0,0,,
712,Jalandhar,3,148183,419,1.2,50504,4,74.5,1,,
713,Kapurthala,3,0,0,0,0,0,0,0,,
714,Khanna,3,0,0,0,0,0,0,0,,
715,Kot Kapura,3,0,0,0,0,0,0,0,,
716,Ludhiana,3,0,0,0,0,0,0,0,,
717,Malaut,3,0,0,0,0,0,0,0,,
718,Maler Kotla,3,0,0,0,0,0,0,0,,
719,Mansa,3,0,0,0,0,0,0,0,,
720,Moga,3,0,0,0,0,0,0,0,,
721,Mohali,3,0,0,0,0,0,0,0,,
722,Pathankot,3,0,0,0,0,0,0,0,,
723,Patiala,3,0,0,0,0,0,0,0,,
724,Phagwara,3,0,0,0,0,0,0,0,,
725,Rajpura,3,0,0,0,0,0,0,0,,
726,Rupnagar,3,0,0,0,0,0,0,0,,
727,Samana,3,0,0,0,0,0,0,0,,
728,Sangrur,3,0,0,0,0,0,0,0,,
729,Sirhind,3,0,0,0,0,0,0,0,,
730,Sunam,3,0,0,0,0,0,0,0,,
731,Tarn Taran,3,0,0,0,0,0,0,0,,
732,Ajmer,8,0,0,0,0,0,0,0,,
733,Alwar,8,20006,51.25,0.875,0,2,93,1,,
734,Balotra,8,0,0,0,0,0,0,0,,
735,Banswara,8,0,0,0,0,0,0,0,,
736,Baran,8,0,0,0,0,0,0,0,,
737,Bari,8,0,0,0,0,0,0,0,,
738,Barmer,8,13567,38,0.2,0,1,150,1,,
739,Beawar,8,0,0,0,0,0,0,0,,
740,Bharatpur,8,0,0,0,0,0,0,0,,
741,Bhilwara,8,0,0,0,0,0,0,0,,
742,Bhiwadi,8,0,0,0,0,0,0,0,,
743,Bikaner,8,0,0,0.1,0,1,121,1,,
744,Bundi,8,0,0,0,0,0,0,0,,
745,Chittaurgarh,8,0,0,0,0,0,0,0,,
746,Chomun,8,0,0,0,0,0,0,0,,
747,Churu,8,0,0,0,0,0,0,0,,
748,Daosa,8,0,0,0,0,0,0,0,,
749,Dhaulpur,8,0,0,0,0,0,0,0,,
750,Didwana,8,0,0,0,0,0,0,0,,
751,Fatehpur,8,0,0,0,0,0,0,0,,
752,Sri Ganganagar,8,27152,108.5,0.75,18090,3,34.66666667,1,,
753,Gangapur,8,0,0,0,0,0,0,0,,
754,Hanumangarh,8,0,0,0,0,0,0,0,,
755,Hindaun,8,0,0,0,0,0,0,0,,
756,Jaipur,8,0,0,4,0,2,50.5,1,,
757,Jaisalmer,8,0,0,0,0,0,0,0,,
758,Jalor,8,0,0,0,0,0,0,0,,
759,Jhalawar,8,0,0,0,0,0,0,0,,
760,Jhunjhunun,8,0,0,0,0,0,0,0,,
761,Jodhpur,8,0,0,0,0,0,0,0,,
762,Karauli,8,0,0,0,0,0,0,0,,
763,Kishangarh,8,0,0,0,0,0,0,0,,
764,Kota,8,0,0,0,0,0,0,0,,
765,Kuchaman,8,0,0,0,0,0,0,0,,
766,Ladnun,8,0,0,0,0,0,0,0,,
767,Makrana,8,0,0,0,0,0,0,0,,
768,Nagaur,8,0,0,0,0,0,0,0,,
769,Nawalgarh,8,0,0,0,0,0,0,0,,
770,Nimbahera,8,0,0,0,0,0,0,0,,
771,Nokha,8,0,0,0,0,0,0,0,,
772,Pali,8,0,0,0,0,0,0,0,,
773,Rajsamand,8,0,0,0,0,0,0,0,,
774,Ratangarh,8,0,0,0,0,0,0,0,,
775,Sardarshahr,8,0,0,0,0,0,0,0,,
776,Sawai Madhopur,8,0,0,0,0,0,0,0,,
777,Sikar,8,0,0,0,0,0,0,0,,
778,Sujangarh,8,0,0,0,0,0,0,0,,
779,Suratgarh,8,0,0,0,0,0,0,0,,
780,Tonk,8,0,0,0,0,0,0,0,,
781,Udaipur,8,0,0,0,0,0,0,0,,
782,Alandur,33,0,0,0,0,0,0,0,,
783,Ambattur,33,0,0,0,0,0,0,0,,
784,Ambur,33,0,0,0,0,0,0,0,,
785,Arakonam,33,0,0,0,0,0,0,0,,
786,Arani,33,0,0,0,0,0,0,0,,
787,Aruppukkottai,33,0,0,0,0,0,0,0,,
788,Attur,33,0,0,0,0,0,0,0,,
789,Avadi,33,0,0,0,0,0,0,0,,
790,Avaniapuram,33,0,0,0,0,0,0,0,,
791,Bodinayakkanur,33,0,0,0,0,0,0,0,,
792,Chengalpattu,33,0,0,0,0,0,0,0,,
793,Dharapuram,33,0,0,0,0,0,0,0,,
794,Dharmapuri,33,0,0,0,0,0,0,0,,
795,Dindigul,33,0,0,0,0,0,0,0,,
796,Erode,33,0,0,0,0,0,0,0,,
797,Gopichettipalaiyam,33,0,0,0,0,0,0,0,,
798,Gudalur,33,0,0,0,0,0,0,0,,
799,Gudiyattam,33,0,0,0,0,0,0,0,,
800,Hosur,33,0,0,0,0,0,0,0,,
801,Idappadi,33,0,0,0,0,0,0,0,,
802,Kadayanallur,33,0,0,0,0,0,0,0,,
803,Kambam,33,0,0,0,0,0,0,0,,
804,Kanchipuram,33,0,0,0,0,0,0,0,,
805,Karur,33,0,0,0,0,0,0,0,,
806,Kavundampalaiyam,33,0,0,0,0,0,0,0,,
807,Kovilpatti,33,0,0,0,0,0,0,0,,
808,Koyampattur,33,0,0,0,0,0,0,0,,
809,Krishnagiri,33,0,0,0,0,0,0,0,,
810,Kumarapalaiyam,33,0,0,0,0,0,0,0,,
811,Kumbakonam,33,0,0,0,0,0,0,0,,
812,Kuniyamuthur,33,0,0,0,0,0,0,0,,
813,Kurichi,33,0,0,0,0,0,0,0,,
814,Madhavaram,33,0,0,0,0,0,0,0,,
815,Chennai,33,0,0,0,0,0,0,0,,
816,Madurai,33,4956,15,0.125,4956,1,64,1,,
817,Maduravoyal,33,0,0,0,0,0,0,0,,
818,Mannargudi,33,0,0,0,0,0,0,0,,
819,Mayiladuthurai,33,0,0,0,0,0,0,0,,
820,Mettupalayam,33,0,0,0,0,0,0,0,,
821,Mettur,33,0,0,0,0,0,0,0,,
822,Nagapattinam,33,0,0,0,0,0,0,0,,
823,Nagercoil,33,0,0,0,0,0,0,0,,
824,Namakkal,33,0,0,0,0,0,0,0,,
825,Nerkunram,33,0,0,0,0,0,0,0,,
826,Neyveli,33,0,0,0,0,0,0,0,,
827,Pallavaram,33,0,0,0,0,0,0,0,,
828,Pammal,33,0,0,0,0,0,0,0,,
829,Pannuratti,33,0,0,0,0,0,0,0,,
830,Paramakkudi,33,0,0,0,0,0,0,0,,
831,Pattukkottai,33,0,0,0,0,0,0,0,,
832,Pollachi,33,0,0,0,0,0,0,0,,
833,Pudukkottai,33,0,0,0,0,0,0,0,,
834,Puliyankudi,33,0,0,0,0,0,0,0,,
835,Punamalli,33,0,0,0,0,0,0,0,,
836,Rajapalaiyam,33,0,0,0,0,0,0,0,,
837,Ramanathapuram,33,0,0,0,0,0,0,0,,
838,Salem,33,0,0,0,0,0,0,0,,
839,Sankarankoil,33,0,0,0,0,0,0,0,,
840,Sivakasi,33,0,0,0,0,0,0,0,,
841,Srivilliputtur,33,0,0,0,0,0,0,0,,
842,Tambaram,33,0,0,0,0,0,0,0,,
843,Tenkasi,33,0,0,0,0,0,0,0,,
844,Thanjavur,33,0,0,0,0,0,0,0,,
845,Theni Allinagaram,33,0,0,0,0,0,0,0,,
846,Thiruthangal,33,0,0,0,0,0,0,0,,
847,Thiruvarur,33,0,0,0,0,0,0,0,,
848,Thuthukkudi,33,0,0,0,0,0,0,0,,
849,Tindivanam,33,0,0,0,0,0,0,0,,
850,Tiruchirappalli,33,0,0,1.25,0,1,119,1,,
851,Tiruchengode,33,0,0,0,0,0,0,0,,
852,Tirunelveli,33,75167,109,0,7399,6,31.5,1,,
853,Tirupathur,33,0,0,0,0,0,0,0,,
854,Tiruppur,33,0,0,0,0,0,0,0,,
855,Tiruvannamalai,33,0,0,0,0,0,0,0,,
856,Tiruvottiyur,33,0,0,0,0,0,0,0,,
857,Udagamandalam,33,0,0,0,0,0,0,0,,
858,Udumalaipettai,33,0,0,0,0,0,0,0,,
859,Valparai,33,0,0,0,0,0,0,0,,
860,Vaniyambadi,33,0,0,0,0,0,0,0,,
861,Velampalaiyam,33,0,0,0,0,0,0,0,,
862,Velluru,33,0,0,0,0,0,0,0,,
863,Viluppuram,33,0,0,0,0,0,0,0,,
864,Virappanchatram,33,0,0,0,0,0,0,0,,
865,Virudhachalam,33,0,0,0,0,0,0,0,,
866,Virudunagar,33,0,0,0,0,0,0,0,,
867,Agartala,16,0,0,0,0,0,0,0,,
868,Agartala MCl,16,0,0,0,0,0,0,0,,
869,Badharghat,16,0,0,0,0,0,0,0,,
870,Agra,9,23294,82.5,0.05,16120,2,66,1,,
871,Aligarh,9,64248,270,0.45,29547,5,35.8,1,,
872,Allahabad,9,83813,372.5,0,54699,5,63.33333334,1,,
873,Amroha,9,0,0,0,0,0,0,0,,
874,Aonla,9,0,0,0,0,0,0,0,,
875,Auraiya,9,0,0,0,0,0,0,0,,
876,Ayodhya,9,0,0,0,0,0,0,0,,
877,Azamgarh,9,0,0,0,0,0,0,0,,
878,Baheri,9,0,0,0,0,0,0,0,,
879,Bahraich,9,0,0,0,0,0,0,0,,
880,Ballia,9,0,0,0,0,0,0,0,,
881,Balrampur,9,0,0,0,0,0,0,0,,
882,Banda,9,0,0,0,0,0,0,0,,
883,Baraut,9,0,0,0,0,0,0,0,,
884,Bareilly,9,87005,367.5,5.275,0,5,34.2,1,,
885,Basti,9,0,0,0,0,0,0,0,,
886,Behta Hajipur,9,0,0,0,0,0,0,0,,
887,Bela,9,0,0,0,0,0,0,0,,
888,Bhadohi,9,0,0,0,0,0,0,0,,
889,Bijnor,9,0,0,0,0,0,0,0,,
890,Bisalpur,9,0,0,0,0,0,0,0,,
891,Biswan,9,0,0,0,0,0,0,0,,
892,Budaun,9,0,0,0,0,0,0,0,,
893,Bulandshahr,9,0,0,0,0,0,0,0,,
894,Chandausi,9,0,0,0,0,0,0,0,,
895,Chandpur,9,0,0,0,0,0,0,0,,
896,Chhibramau,9,0,0,0,0,0,0,0,,
897,Chitrakut Dham,9,0,0,0,0,0,0,0,,
898,Dadri,9,0,0,0,0,0,0,0,,
899,Deoband,9,0,0,0,0,0,0,0,,
900,Deoria,9,0,0,0,0,0,0,0,,
901,Etah,9,0,0,0,0,0,0,0,,
902,Etawah,9,0,0,0,0,0,0,0,,
903,Faizabad,9,37292,98.5,5.55,0,3,47,1,,
904,Faridpur,9,0,0,0,0,0,0,0,,
905,Farrukhabad,9,0,0,0,0,0,0,0,,
906,Fatehpur,9,0,0,0,0,0,0,0,,
907,Firozabad,9,0,0,0,0,0,0,0,,
908,Gajraula,9,0,0,0,0,0,0,0,,
909,Ganga Ghat,9,0,0,0,0,0,0,0,,
910,Gangoh,9,0,0,0,0,0,0,0,,
911,Ghaziabad,9,29877,95,2.4,0,3,59,1,,
912,Ghazipur,9,0,0,0,0,0,0,0,,
913,Gola Gokarannath,9,0,0,0,0,0,0,0,,
914,Gonda,9,0,0,0,0,0,0,0,,
915,Gorakhpur,9,0,0,0.35,0,1,164,1,,
916,Hapur,9,0,0,0,0,0,0,0,,
917,Hardoi,9,0,0,0,0,0,0,0,,
918,Hasanpur,9,0,0,0,0,0,0,0,,
919,Hathras,9,0,0,0,0,0,0,0,,
920,Jahangirabad,9,0,0,0,0,0,0,0,,
921,Jalaun,9,0,0,0,0,0,0,0,,
922,Jaunpur,9,0,0,0,0,0,0,0,,
923,Jhansi,9,0,0,0,0,0,0,0,,
924,Kadi,9,0,0,0,0,0,0,0,,
925,Kairana,9,0,0,0,0,0,0,0,,
926,Kannauj,9,0,0,0.4,0,2,147.5,1,,
927,Kanpur,9,19323,60,1.05,0,3,116.6666667,1,,
928,Kanpur Cantonment,9,0,0,0,0,0,0,0,,
929,Kasganj,9,0,0,0,0,0,0,0,,
930,Khatauli,9,0,0,0,0,0,0,0,,
931,Khora,9,0,0,0,0,0,0,0,,
932,Khurja,9,0,0,0,0,0,0,0,,
933,Kiratpur,9,0,0,0,0,0,0,0,,
934,Kosi Kalan,9,0,0,0,0,0,0,0,,
935,Laharpur,9,0,0,0,0,0,0,0,,
936,Lakhimpur,9,0,0,0,0,0,0,0,,
937,Lucknow,9,30803,75,0.1,11526,2,68.5,1,,
938,Lucknow Cantonment,9,0,0,0,0,0,0,0,,
939,Lalitpur,9,0,0,0,0,0,0,0,,
940,Loni,9,0,0,0,0,0,0,0,,
941,Mahoba,9,0,0,0,0,0,0,0,,
942,Mainpuri,9,0,0,0,0,0,0,0,,
943,Mathura,9,0,0,0,0,0,0,0,,
944,Mau,9,0,0,0,0,0,0,0,,
945,Mauranipur,9,0,0,0,0,0,0,0,,
946,Mawana,9,0,0,0,0,0,0,0,,
947,Meerut,9,66179,160.5,1.85,21369,5,23.2,1,,
948,Meerut Cantonment,9,0,0,0,0,0,0,0,,
949,Mirzapur,9,0,0,0,0,0,0,0,,
950,Modinagar,9,0,0,0,0,0,0,0,,
951,Moradabad,9,48686,265,0.125,15859,2,96,1,,
952,Mubarakpur,9,0,0,0,0,0,0,0,,
953,Mughal Sarai,9,0,0,0,0,0,0,0,,
954,Muradnagar,9,0,0,0,0,0,0,0,,
955,Muzaffarnagar,9,18308,85,0,0,1,77,1,,
956,Nagina,9,0,0,0,0,0,0,0,,
957,Najibabad,9,0,0,0,0,0,0,0,,
958,Nawabganj,9,0,0,0,0,0,0,0,,
959,Noida,9,0,0,0,0,0,0,0,,
960,Obra,9,0,0,0,0,0,0,0,,
961,Orai,9,0,0,0,0,0,0,0,,
962,Pilibhit,9,0,0,0,0,0,0,0,,
963,Pilkhuwa,9,0,0,0,0,0,0,0,,
964,Raebareli,9,124585,275,1.5,47955,5,36.4,1,,
965,Ramgarh Nagla Kothi,9,0,0,0,0,0,0,0,,
966,Rampur,9,0,0,0,0,0,0,0,,
967,Rath,9,0,0,0,0,0,0,0,,
968,Renukut,9,0,0,0,0,0,0,0,,
969,Saharanpur,9,1182959,4100,1.55,353845,15,39.47222222,1,,
970,Sahaswan,9,0,0,0,0,0,0,0,,
971,Sambhal,9,0,0,0,0,0,0,0,,
972,Sandila,9,0,0,0,0,0,0,0,,
973,Shahabad,9,0,0,0,0,0,0,0,,
974,Shahjahanpur,9,74070,219.5,0.25,15329,3,51.33333333,1,,
975,Shamli,9,0,0,0,0,0,0,0,,
976,Sherkot,9,0,0,0,0,0,0,0,,
977,Shikohabad,9,0,0,0,0,0,0,0,,
978,Sikandarabad,9,0,0,0,0,0,0,0,,
979,Sitapur,9,0,0,0,0,0,0,0,,
980,Sukhmalpur Nizamabad,9,0,0,0,0,0,0,0,,
981,Sultanpur,9,0,0,0,0,0,0,0,,
982,Tanda,9,0,0,0,0,0,0,0,,
983,Tilhar,9,0,0,0,0,0,0,0,,
984,Tundla,9,0,0,0,0,0,0,0,,
985,Ujhani,9,0,0,0,0,0,0,0,,
986,Unnao,9,0,0,0,0,0,0,0,,
987,Varanasi,9,46905,60,0,24391,2,88,1,,
988,Vrindavan,9,0,0,0,0,0,0,0,,
989,Dehradun,5,114271,332.5,0,41117,5,80,1,,
990,Dehra Dun Cantonment,5,0,0,0,0,0,0,0,,
991,Gola Range,5,0,0,0,0,0,0,0,,
992,Haldwani,5,101217,297,0,44073,3,55,1,,
993,Haridwar,5,27665,100,0,10266,2,71.5,1,,
994,Kashipur,5,21441,153,0,0,2,66,1,,
995,Pithoragarh,5,0,0,0,0,0,0,0,,
996,Rishikesh,5,0,0,0,0,0,0,0,,
997,Rudrapur,5,11934,100,0,0,2,84,1,,
998,Roorkee,5,0,0,0,0,0,0,0,,
999,Ankleshwar,24,0,0,0.5,0,1,114,1,,
1000,Behror,8,0,0,0,0,0,0,0,,
1001,Examba,29,81252,311,0,13209,6,26.33333333,1,,
1002,Miraj,27,25339,100,5.375,1310,6,26.16666667,1,,
1003,New Delhi,7,0,0,0,0,0,0,0,,
1004,Pratapgarh,9,0,0,0,0,0,0,0,,
1005,Sabarkantha,24,50032,130,0.295,22342,7,62.77777778,1,,
1006,Sindhudurg,27,0,0,0,0,0,0,0,,
1007,Silvassa,26,0,0,0,0,0,0,0,,
1008,Udham Singh Nagar,5,0,0,0,0,0,0,0,,
1009,Pauri Garhwal,5,0,0,0,0,0,0,0,,
1010,Mehsana,24,0,0,0,0,0,0,0,,
1011,Dharwad,29,0,0,0,0,0,0,0,,
1012,Jaspur,9,0,0,0,0,0,0,0,,
1013,Kichha,5,0,0,0,0,0,0,0,,
1014,Nainital,5,0,0,0,0,0,0,0,,
1015,Bazpur,5,0,0,0,0,0,0,0,,
1016,Chandauli,9,0,0,0,0,0,0,0,,
1017,Jaysingpur,27,0,0,0,0,0,0,0,,
1018,Almora,5,0,0,0,0,0,0,0,,
1019,Karad,27,0,0,0,0,0,0,0,,
1020,Sitarganj,5,0,0,0,0,0,0,0,,
1021,Uttar Kannada,29,0,0,0,0,0,0,0,,
1022,South Goa,30,0,0,0,0,0,0,0,,
1023,Ernakulam,32,15293,30,0,15293,1,64,1,,
1024,Chamoli,5,0,0,0,0,0,0,0,,
1025,Joshimath,5,0,0,0,0,0,0,0,,
1026,Uttarkashi,5,0,0,0,0,0,0,0,,
1027,Solan,2,0,0,0,0,0,0,0,,
1028,Bageshwar,5,0,0,0,0,0,0,0,,
1029,Bilaspur,5,0,0,0,0,0,0,0,,
1030,Bajpur,5,0,0,0,0,0,0,0,,
1031,Champawat,5,0,0,0,0,0,0,0,,
1032,Dharamshala,2,0,0,0,0,0,0,0,,
1033,Gadarpur,5,0,0,0,0,0,0,0,,
1034,Murshidabad,19,9350,30,1.375,0,1,172,1,,
1035,Ranebennur,29,16900,60,0,0,1,169,1,,
1036,Harpanahalli,29,0,0,0,0,0,0,0,,
1037,Kheda,24,0,0,0.8,0,1,140,1,,
1038,Coimbatore,33,0,0,0,0,0,0,0,,
